"symbol"	"log2FoldChange"	"padj"
"1"	"FN1"	5.47518273196918	4.60265858133678e-40
"2"	"SPON2"	1.85056737308202	3.66321205154429e-34
"3"	"CYP1B1"	-1.75931439964827	2.0752380976795e-31
"4"	"RHOBTB3"	2.14477311187026	7.10961846945403e-23
"5"	"PID1"	-2.06202988367574	3.44527985074899e-19
"6"	"FAM20A"	2.58742463370845	1.07411173897947e-16
"7"	"SLC7A11"	-2.90252285008088	3.87662446731057e-16
"8"	"ACE"	1.54096603217879	4.6508448366117e-16
"9"	"CD300E"	-3.39655818351941	4.74218178499431e-16
"10"	"EPB41L2"	1.87702108912971	2.82650467635637e-15
"11"	"MARCKSL1"	-1.60678663135489	1.44398130820367e-14
"12"	"C1QB"	2.64094049565438	9.12425298407294e-14
"13"	"CCL2"	-2.77947676084996	9.91697465412138e-14
"14"	"PADI2"	2.98703159819447	2.32529974968725e-13
"15"	"PGBD5"	3.13738703870647	4.44626426561475e-13
"16"	"A2M"	1.89260643465687	8.28060482772626e-13
"17"	"SGPP2"	-2.25224967968903	2.57328785812238e-12
"18"	"TPX2"	2.59540853025097	2.70453049713256e-12
"19"	"MKI67"	3.19847507443734	3.6456020243482e-12
"20"	"EPS8"	1.86212725414328	9.11349620380058e-12
"21"	"FABP4"	4.26005271121567	9.33418263171575e-12
"22"	"SLC2A5"	2.59702166033636	2.10572422824661e-11
"23"	"PDK4"	3.12511150709173	2.83479001758944e-11
"24"	"SCIN"	2.8545693709695	8.69019813282493e-11
"25"	"CYP19A1"	5.52891612330828	8.69019813282493e-11
"26"	"CXCL16"	1.67721591174484	8.69019813282493e-11
"27"	"TK1"	2.82529531715097	8.69019813282493e-11
"28"	"PLK1"	2.53925806313807	1.17846099308956e-10
"29"	"PALLD"	3.40500089953963	1.24199900247268e-10
"30"	"KIF20A"	2.95575908422968	2.05982513202876e-10
"31"	"PDPN"	-2.56055111843662	2.16694717842005e-10
"32"	"ZMYND15"	2.11257526141062	2.30149421622359e-10
"33"	"SMAD6"	-2.24820453065592	2.94736847211205e-10
"34"	"UBE2C"	3.37179857662116	2.95428725508296e-10
"35"	"CENPU"	1.87779487072988	4.02062514837775e-10
"36"	"CXCL8"	-4.07526584111072	9.15944029833158e-10
"37"	"CCNA2"	2.29444286881803	1.05095477849683e-09
"38"	"CDK1"	2.91835971301636	1.13793853963361e-09
"39"	"PLIN2"	1.97294233294448	1.26609746606664e-09
"40"	"DHRS9"	1.75256850098707	1.79757629257509e-09
"41"	"MCM10"	3.24243533826313	1.82514404793906e-09
"42"	"ID3"	-2.17512311624987	1.91686930034217e-09
"43"	"KIF15"	2.42986246621745	2.34993860903862e-09
"44"	"RRM2"	3.00701986567449	2.38564196749551e-09
"45"	"NQO1"	-2.0341307155068	2.38564196749551e-09
"46"	"NCAPH"	2.43816175239563	3.72940038068663e-09
"47"	"COL22A1"	4.62365496306684	4.92731967060301e-09
"48"	"MMP12"	3.58100023052833	6.17501455457895e-09
"49"	"TYMS"	2.75774422758038	9.10023612630599e-09
"50"	"ASPM"	3.18094049486905	1.16757988288244e-08
"51"	"TOP2A"	2.46167585179541	1.24367302947933e-08
"52"	"KCNE1"	1.95954280685607	1.28721036171928e-08
"53"	"SERPINB2"	-2.07417164434514	1.56544998581784e-08
"54"	"GLT1D1"	-1.90134870105545	1.64846550659633e-08
"55"	"CDCA2"	2.78408983770735	1.64846550659633e-08
"56"	"S100A8"	-2.03991419755732	1.8606655311517e-08
"57"	"SCG5"	4.94277885805804	2.09036226812713e-08
"58"	"PLTP"	1.74999165257085	3.06150364709799e-08
"59"	"CDCA5"	2.40503020658643	3.18215334662178e-08
"60"	"IL1B"	-3.2766532820742	3.38168679811978e-08
"61"	"PTX3"	-2.04584528791666	3.45882093832609e-08
"62"	"CDT1"	2.15376682769125	3.51172196760439e-08
"63"	"CCNB1"	2.00483349840425	5.07432785133958e-08
"64"	"CSPG4"	2.60012549872114	5.07432785133958e-08
"65"	"DNASE2B"	3.98364298512189	7.67855457707754e-08
"66"	"GJB2"	3.6521465225675	7.67855457707754e-08
"67"	"ADAMTS15"	5.1117039665481	1.19927199599189e-07
"68"	"KIFC1"	3.93313379004411	1.36021466991697e-07
"69"	"ANLN"	2.39952343045567	2.1111213916125e-07
"70"	"IQGAP3"	2.26183801663541	2.38169712896811e-07
"71"	"RNF122"	1.51890548842524	2.75787912748577e-07
"72"	"PIMREG"	3.28513521473587	2.8664470529305e-07
"73"	"USP2"	3.23247272598348	2.88377384746102e-07
"74"	"SDS"	1.8691331724694	3.26121989422727e-07
"75"	"FAM111B"	2.36859106522193	3.26121989422727e-07
"76"	"ORC1"	1.85653674404059	4.35819418474295e-07
"77"	"HMMR"	2.68486569904631	4.92506741457075e-07
"78"	"CD300LB"	2.33392782921208	5.00701714252017e-07
"79"	"CDC25A"	2.38640950611318	8.06521837239452e-07
"80"	"KIF4A"	3.17775193062841	8.77420163545946e-07
"81"	"KIF14"	2.43328498800782	1.33628086108936e-06
"82"	"TLN2"	2.64626235236902	1.33628086108936e-06
"83"	"CD52"	1.87227705321099	1.37149601752112e-06
"84"	"NCAPG"	2.77439354389256	1.47525780321481e-06
"85"	"FUCA1"	-1.79488931237848	1.47525780321481e-06
"86"	"MELK"	1.89006686063738	1.65884516876602e-06
"87"	"CCL8"	-2.48389174328006	1.71404901001281e-06
"88"	"PTCRA"	2.26712292799263	1.75982684928752e-06
"89"	"TICRR"	2.68961863850867	1.84866643126036e-06
"90"	"MYBL2"	2.85847807498434	1.85248927293201e-06
"91"	"DLGAP5"	2.97088052292576	2.03837626054485e-06
"92"	"E2F1"	2.13742646640044	2.72054264967217e-06
"93"	"ZWINT"	1.57209510817748	3.17269779709981e-06
"94"	"RNF128"	4.25424051069554	3.59910041048113e-06
"95"	"SH3BP4"	-2.54478017361312	4.8088377536448e-06
"96"	"KIF2C"	2.7360758024932	4.93021785228135e-06
"97"	"TPM2"	1.61018514374922	4.9494898490351e-06
"98"	"PLXNA2"	-1.63462131313534	5.88765450150278e-06
"99"	"METTL7B"	2.62439020553714	5.92864548621228e-06
"100"	"PPM1E"	3.16727047299943	6.20598066329811e-06
"101"	"CCDC162P"	3.56670581203883	6.28011860244789e-06
"102"	"MMP8"	2.78046911590204	6.91522726103252e-06
"103"	"CUX2"	2.79226800953354	7.11882841571144e-06
"104"	"AKR1C3"	-2.1915366669563	8.07609001519424e-06
"105"	"DEPDC1B"	2.11570551663356	8.26407904999715e-06
"106"	"CCNB2"	2.07228970420208	8.26407904999715e-06
"107"	"CHIT1"	3.44452135145135	8.87301729151397e-06
"108"	"RAD54L"	2.29834685026989	9.05902334406246e-06
"109"	"TREML1"	1.59336137339429	9.05902334406246e-06
